{"cameraMode":{"drawMode":0,"name":"Shaded","section":"Shading Mode"},"sceneLighting":true,"audioPlay":false,"sceneViewState":{"m_AlwaysRefresh":false,"showFog":true,"showSkybox":true,"showFlares":true,"showImageEffects":true,"showParticleSystems":true,"showVisualEffectGraphs":true,"m_FxEnabled":true},"in2DMode":false,"pivot":{"x":1.4630837440490723,"y":0.908668041229248,"z":-0.27286815643310549},"rotation":{"x":0.23013022541999818,"y":-0.3495427966117859,"z":0.08899563550949097,"w":0.9038628339767456},"size":4.76602840423584,"orthographic":false}